SCOPE,TM,RS,NAME,G,GS,MIN,FG,FGA,FG_PCT,FG3,FG3A,FG3_PCT,FT,FTA,FT_PCT,OFF,DEF,TREB,AST,PF,DQ,STL,TO,BLK,PTS,PPG,HI,Starter
Total,NY,ACT,Achiuwa,56,9,1137,156,309,0.505,10,36,0.278,39,65,0.6,100,208,308,53,77,1,45,43,42,361,6.4,26,0
Total,HOU,ACT,Adams,57,3,777,89,163,0.546,0,2,0.0,43,93,0.462,164,157,321,65,58,0,22,53,28,221,3.9,14,0
Total,MIA,ACT,Adebayo,78,78,2674,540,1113,0.485,79,221,0.357,251,328,0.765,185,564,749,337,162,0,98,161,53,1410,18.1,34,1
Total,TOR,ACT,Agbaji,63,44,1701,260,519,0.501,99,245,0.404,34,48,0.708,60,180,240,97,120,1,54,53,29,653,10.4,24,1
Total,MEM,ACT,Aldama,65,16,1660,313,648,0.483,120,326,0.368,65,94,0.691,94,322,416,188,76,0,52,71,29,811,12.5,29,0
Total,DEN,ACT,Alexander,23,0,111,12,40,0.3,3,17,0.176,3,4,0.75,1,10,11,11,10,0,1,5,1,30,1.3,7,0
Total,MIN,ACT,Alexander-Walker,81,10,2040,267,607,0.44,139,362,0.384,91,117,0.778,54,206,260,216,138,0,48,98,33,764,9.4,26,0
Total,PHO,ACT,Allen,63,6,1516,211,476,0.443,145,343,0.423,93,114,0.816,34,158,192,132,94,0,54,72,19,660,10.5,23,0
Total,CLE,ACT,Allen,81,81,2295,452,639,0.707,0,4,0.0,199,277,0.718,216,582,798,157,126,0,77,97,73,1103,13.6,29,1
Total,NO,ACT,Alvarado,55,22,1332,199,505,0.394,110,300,0.367,57,71,0.803,27,106,133,255,91,0,72,80,14,565,10.3,27,0
Total,MIA,ACT,Anderson,60,4,974,140,296,0.473,25,70,0.357,46,63,0.73,52,148,200,141,80,0,40,37,30,351,5.9,19,0
Total,MIL,ACT,Antetokounmpo,67,67,2289,793,1319,0.601,14,63,0.222,436,707,0.617,147,651,798,433,155,2,58,206,78,2036,30.4,59,1
Total,ORL,ACT,Anthony,66,22,1221,229,540,0.424,77,217,0.355,93,113,0.823,46,158,204,188,151,1,44,103,32,628,9.5,35,0
Total,NY,ACT,Anunoby,74,74,2706,489,1027,0.476,171,460,0.372,183,226,0.81,97,261,358,164,172,1,110,102,65,1332,18.0,40,1
Total,POR,ACT,Avdija,72,54,2161,402,844,0.476,125,342,0.366,290,372,0.78,110,412,522,281,171,1,71,196,35,1219,16.9,37,1
Total,POR,ACT,Ayton,40,40,1206,265,468,0.566,6,32,0.188,40,60,0.667,124,282,406,64,88,1,31,69,39,576,14.4,26,1
Total,PHI,ACT,Bagley,9,3,210,23,60,0.383,5,29,0.172,6,8,0.75,19,36,55,9,13,0,5,5,11,57,6.3,20,0
Total,MEM,ACT,Bagley,30,1,234,44,88,0.5,3,17,0.176,20,31,0.645,33,39,72,8,16,0,8,11,8,111,3.7,20,0
Total,LAC,ACT,Baldwin,24,0,107,19,35,0.543,13,23,0.565,2,4,0.5,5,20,25,3,7,0,3,5,2,53,2.2,7,0
Total,CHA,ACT,Ball,47,47,1505,406,1003,0.405,179,528,0.339,193,229,0.843,47,185,232,346,157,7,54,167,13,1184,25.2,50,1
Total,CHI,ACT,Ball,35,14,777,89,243,0.366,67,195,0.344,22,27,0.815,25,93,118,115,55,0,47,41,17,267,7.6,18,0
Total,ORL,ACT,Banchero,46,46,1582,412,911,0.452,87,272,0.32,280,385,0.727,51,294,345,219,97,0,36,136,28,1191,25.9,50,1
Total,MEM,ACT,Bane,69,68,2205,493,1018,0.484,164,418,0.392,177,198,0.894,62,356,418,369,164,0,80,169,28,1327,19.2,44,1
Total,POR,ACT,Banton,66,6,1084,190,485,0.392,68,210,0.324,88,121,0.727,29,101,130,153,56,0,42,83,34,536,8.1,23,0
Total,ATL,ACT,Barlow,34,3,341,54,104,0.519,7,25,0.28,18,27,0.667,33,47,80,18,43,0,9,5,16,133,3.9,13,0
Total,SA,ACT,Barnes,81,81,2196,343,673,0.51,154,353,0.436,153,191,0.801,96,209,305,135,75,0,36,50,14,993,12.3,29,1
Total,TOR,ACT,Barnes,64,64,2098,459,1040,0.441,74,278,0.266,225,298,0.755,106,385,491,370,113,0,93,180,63,1217,19.0,35,1
Total,TOR,ACT,Barrett,58,58,1869,460,982,0.468,107,306,0.35,196,311,0.63,61,305,366,314,137,0,46,166,17,1223,21.1,39,1
Total,TOR,ACT,Battle,58,9,999,140,328,0.427,98,244,0.402,16,18,0.889,36,113,149,50,87,2,17,25,10,394,6.8,24,0
Total,LAC,ACT,Batum,78,8,1367,104,238,0.437,88,203,0.434,17,21,0.81,47,171,218,84,111,0,52,34,36,313,4.0,17,0
Total,CHA,ACT,Baugh,14,2,344,39,120,0.325,12,53,0.226,13,15,0.867,11,32,43,50,20,0,14,27,1,103,7.4,16,0
Total,PHO,ACT,Beal,53,38,1702,345,694,0.497,102,264,0.386,110,137,0.803,34,143,177,195,136,1,58,99,28,902,17.0,30,1
Total,DET,ACT,Beasley,81,18,2264,453,1057,0.429,312,755,0.413,95,140,0.679,47,166,213,137,124,0,72,82,5,1313,16.2,36,0
Total,NY,ACT,Beauchamp,34,0,151,26,64,0.406,10,29,0.345,13,18,0.722,11,29,40,10,14,0,4,15,1,75,2.2,9,0
Total,BRK,ACT,Beekman,36,4,469,35,107,0.327,7,40,0.175,16,21,0.762,13,26,39,63,36,0,33,21,2,93,2.6,14,0
Total,ORL,ACT,Bitadze,69,42,1404,203,330,0.615,3,27,0.111,83,129,0.643,163,294,457,133,148,0,48,70,97,492,7.1,21,1
Total,ORL,ACT,Black,77,9,1850,255,604,0.422,59,190,0.311,147,193,0.762,50,170,220,238,166,0,83,138,47,716,9.3,23,0
Total,LAC,ACT,Bogdanovic,53,4,1332,208,485,0.429,104,285,0.365,58,66,0.879,23,135,158,146,122,0,40,74,11,578,10.9,30,0
Total,PHO,ACT,Bol,35,10,444,96,183,0.525,32,93,0.344,20,26,0.769,20,84,104,22,20,0,9,20,25,244,7.0,25,0
Total,PHI,ACT,Bona,57,10,872,129,183,0.705,0,1,0.0,63,94,0.67,90,146,236,27,122,1,25,60,67,321,5.6,28,0
Total,PHO,ACT,Booker,75,75,2795,654,1420,0.461,183,551,0.332,432,483,0.894,76,229,305,529,198,2,67,220,16,1923,25.6,47,1
Total,NO,ACT,Boston,42,10,993,166,381,0.436,49,140,0.35,67,85,0.788,28,106,134,92,73,0,53,52,9,448,10.7,26,0
Total,TOR,ACT,Boucher,50,0,862,182,370,0.492,70,193,0.363,68,87,0.782,70,154,224,33,68,0,24,29,25,502,10.0,24,0
Total,IND,ACT,Bradley,13,0,85,23,32,0.719,1,3,0.333,0,2,0.0,13,15,28,5,9,0,2,4,4,47,3.6,12,0
Total,SA,ACT,Branham,46,0,410,83,186,0.446,33,83,0.398,25,31,0.806,6,42,48,38,26,0,10,34,2,224,4.9,17,0
Total,DEN,ACT,Braun,78,76,2644,472,814,0.58,89,223,0.399,174,211,0.825,97,306,403,199,168,0,85,80,37,1207,15.5,30,1
Total,PHO,ACT,Bridges,7,0,28,2,6,0.333,2,6,0.333,1,2,0.5,0,3,3,0,0,0,0,4,0,7,1.0,3,0
Total,NY,ACT,Bridges,81,81,3036,592,1183,0.5,164,463,0.354,96,118,0.814,71,188,259,306,126,0,75,132,43,1444,17.8,41,1
Total,CHA,ACT,Bridges,64,64,2029,469,1089,0.431,141,450,0.313,221,254,0.87,72,409,481,248,93,0,44,136,45,1300,20.3,46,1
Total,WAS,ACT,Brogdon,24,13,564,104,240,0.433,16,56,0.286,81,92,0.88,21,70,91,98,30,0,13,38,5,305,12.7,29,1
Total,HOU,ACT,Brooks,74,74,2366,381,886,0.43,184,463,0.397,99,121,0.818,75,199,274,127,240,5,60,76,16,1045,14.1,36,1
Total,NO,ACT,Brooks,13,5,292,48,99,0.485,13,39,0.333,18,25,0.72,11,41,52,11,27,0,8,10,9,127,9.8,20,0
Total,NO,ACT,Brown,41,12,921,130,309,0.421,27,81,0.333,53,65,0.815,40,124,164,84,71,0,34,39,10,340,8.3,19,0
Total,BOS,ACT,Brown,63,63,2158,518,1118,0.463,116,358,0.324,246,322,0.764,82,286,368,286,154,1,73,162,19,1398,22.2,44,1
Total,LAC,ACT,Brown,40,0,272,33,72,0.458,6,26,0.231,5,7,0.714,19,46,65,24,23,0,7,12,4,77,1.9,7,0
Total,NY,ACT,Brunson,65,65,2301,585,1200,0.488,152,397,0.383,368,448,0.821,27,160,187,475,138,2,60,164,8,1690,26.0,55,1
Total,IND,ACT,Bryant,65,8,945,160,315,0.508,47,144,0.326,55,64,0.859,82,166,248,53,76,0,28,30,41,422,6.5,22,0
Total,ATL,ACT,Bufkin,10,0,124,18,47,0.383,4,19,0.211,13,18,0.722,5,16,21,17,9,0,3,8,2,53,5.3,10,0
Total,MIA,ACT,Burks,49,14,863,115,271,0.424,88,207,0.425,38,49,0.776,15,109,124,55,37,0,28,29,7,356,7.3,24,0
Total,PHI,ACT,Butler,59,16,1018,196,436,0.45,59,163,0.362,71,87,0.816,25,84,109,215,95,0,41,76,12,522,8.8,26,0
Total,GS,ACT,Butler,54,54,1698,289,577,0.501,32,102,0.314,324,383,0.846,125,170,295,289,51,0,76,73,17,934,17.3,35,1
Total,CHI,ACT,Buzelis,79,30,1497,249,552,0.451,95,265,0.358,88,108,0.815,54,221,275,78,128,1,28,72,75,681,8.6,31,0
Total,NO,ACT,Cain,36,0,474,62,144,0.431,25,76,0.329,29,42,0.69,25,56,81,21,42,0,22,21,9,178,4.9,25,0
Total,ORL,ACT,Caldwell-Pope,76,76,2274,238,540,0.441,113,327,0.346,82,95,0.863,33,136,169,135,136,0,98,62,34,671,8.8,24,1
Total,POR,ACT,Camara,77,77,2526,323,709,0.456,131,354,0.37,91,126,0.722,171,273,444,171,227,4,116,108,50,868,11.3,24,1
Total,ATL,ACT,Capela,55,41,1176,218,390,0.559,0,1,0.0,52,97,0.536,174,295,469,62,106,0,34,47,53,488,8.9,21,1
Total,OKC,ACT,Carlson,31,0,208,33,78,0.423,20,58,0.345,10,14,0.714,11,33,44,12,19,0,5,5,18,96,3.1,16,0
Total,WAS,ACT,Carrington,81,56,2417,294,730,0.403,135,398,0.339,69,85,0.812,32,302,334,355,187,0,53,140,21,792,9.8,32,1
Total,SAC,ACT,Carter,35,0,373,45,120,0.375,17,59,0.288,26,44,0.591,17,54,71,40,38,1,20,17,4,133,3.8,16,0
Total,CHI,ACT,Carter,35,1,299,53,137,0.387,34,98,0.347,8,10,0.8,3,32,35,38,13,0,13,11,3,148,4.2,26,0
Total,ORL,ACT,Carter,67,50,1741,225,484,0.465,37,156,0.237,127,172,0.738,151,338,489,132,199,3,51,77,41,614,9.2,19,1
Total,OKC,ACT,Caruso,54,3,1041,140,314,0.446,60,170,0.353,42,51,0.824,38,121,159,137,102,0,87,37,30,382,7.1,19,0
Total,SA,ACT,Castle,80,46,2125,418,972,0.43,94,330,0.285,240,335,0.716,88,201,289,326,162,2,74,173,22,1170,14.6,33,1
Total,PHI,ACT,Castleton,25,4,403,41,91,0.451,2,16,0.125,29,37,0.784,52,68,120,28,45,1,8,23,10,113,4.5,16,0
Total,SA,ACT,Champagnie,81,28,1897,271,656,0.413,174,474,0.367,85,94,0.904,66,246,312,110,113,0,61,74,34,801,9.9,30,0
Total,WAS,ACT,Champagnie,61,30,1301,199,395,0.504,69,184,0.375,50,71,0.704,110,237,347,58,109,0,64,53,37,517,8.5,31,0
Total,LAC,ACT,Christie,13,0,59,7,24,0.292,2,13,0.154,2,4,0.5,3,9,12,6,4,0,5,2,1,18,1.4,5,0
Total,DAL,ACT,Christie,77,35,2088,246,577,0.426,115,311,0.37,128,150,0.853,38,215,253,144,113,1,63,84,31,735,9.5,28,0
Total,MIA,ACT,Christopher,13,0,41,4,15,0.267,1,6,0.167,2,4,0.5,0,6,6,5,2,0,1,5,1,11,0.8,5,0
Total,POR,ACT,Cissoko,21,0,85,10,23,0.435,3,9,0.333,2,8,0.25,6,13,19,11,10,0,1,9,0,25,1.2,6,0
Total,MIN,ACT,Clark,39,4,519,56,119,0.471,22,51,0.431,29,37,0.784,26,27,53,26,61,0,36,8,2,163,4.2,17,0
Total,MEM,ACT,Clarke,64,18,1207,236,380,0.621,1,17,0.059,61,87,0.701,127,199,326,66,145,1,52,41,36,534,8.3,18,0
Total,UTA,ACT,Clarkson,37,9,962,201,493,0.408,84,232,0.362,114,143,0.797,25,93,118,138,52,0,31,86,9,600,16.2,31,0
Total,BRK,ACT,Claxton,69,61,1860,315,562,0.561,5,21,0.238,77,151,0.51,156,357,513,157,149,2,62,86,100,712,10.3,22,1
Total,POR,ACT,Clingan,66,36,1299,174,324,0.537,14,49,0.286,62,100,0.62,209,306,515,74,186,2,33,71,108,424,6.4,21,1
Total,BRK,ACT,Clowney,46,20,1042,133,372,0.358,87,261,0.333,67,80,0.838,43,138,181,40,105,1,24,46,21,420,9.1,29,0
Total,LAC,ACT,Coffey,71,13,1744,240,510,0.471,101,247,0.409,115,129,0.891,32,128,160,77,119,0,40,44,7,696,9.8,26,0
Total,UTA,ACT,Collier,71,46,1839,234,555,0.422,42,169,0.249,105,154,0.682,32,203,235,446,149,0,66,208,16,615,8.7,23,1
Total,UTA,ACT,Collins,40,31,1220,280,531,0.527,59,148,0.399,139,164,0.848,89,238,327,80,116,0,39,103,40,758,19.0,29,1
Total,CHI,ACT,Collins,63,12,962,149,295,0.505,31,105,0.295,65,74,0.878,101,183,284,109,131,1,29,60,29,394,6.3,21,0
Total,MIN,ACT,Conley,70,63,1741,187,465,0.402,127,308,0.412,81,90,0.9,32,148,180,317,110,0,79,75,14,582,8.3,18,1
Total,MIL,ACT,Connaughton,40,0,559,67,148,0.453,21,69,0.304,18,22,0.818,18,80,98,65,43,0,7,22,11,173,4.3,10,0
Total,WAS,ACT,Coulibaly,59,59,1948,263,624,0.421,63,224,0.281,138,185,0.746,91,203,294,199,139,0,78,125,41,727,12.3,27,1
Total,PHI,ACT,Council,72,12,1228,176,457,0.385,54,209,0.258,121,151,0.801,50,160,210,97,67,1,32,51,12,527,7.3,20,0
Total,BOS,ACT,Craig,25,3,295,38,87,0.437,24,64,0.375,8,12,0.667,27,43,70,16,32,0,7,6,12,108,4.3,18,0
Total,SAC,ACT,Crawford,15,0,46,5,11,0.455,1,5,0.2,2,4,0.5,1,7,8,1,2,0,1,1,2,13,0.9,5,0
Total,SAC,ACT,Crowder,9,2,103,7,22,0.318,4,15,0.267,5,6,0.833,6,14,20,6,10,0,3,4,0,23,2.6,10,0
Total,DET,ACT,Cunningham,70,70,2452,684,1457,0.469,149,418,0.356,313,370,0.846,56,369,425,638,195,1,71,309,53,1830,26.1,40,1
Total,CHA,ACT,Curry,68,14,1062,164,343,0.478,83,182,0.456,33,39,0.846,24,89,113,60,59,0,27,32,7,444,6.5,26,0
Total,GS,ACT,Curry,69,69,2214,554,1238,0.448,304,772,0.394,270,290,0.931,39,268,307,415,93,0,78,192,30,1682,24.4,56,1
Total,NY,ACT,Dadiet,17,0,100,9,28,0.321,6,18,0.333,2,3,0.667,0,14,14,5,6,0,3,3,2,26,1.5,9,0
Total,ATL,ACT,Daniels,76,76,2571,455,923,0.493,80,235,0.34,83,140,0.593,124,325,449,333,175,2,229,155,55,1073,14.1,28,1
Total,DAL,ACT,Davis,51,51,1706,470,910,0.516,35,124,0.282,286,369,0.775,134,456,590,181,98,0,59,113,110,1261,24.7,42,1
Total,BOS,ACT,Davison,15,0,76,8,23,0.348,3,15,0.2,5,7,0.714,2,10,12,9,1,0,3,11,1,24,1.6,4,0
Total,SAC,ACT,DeRozan,76,76,2740,620,1299,0.477,84,256,0.328,378,441,0.857,50,248,298,337,149,0,62,103,32,1702,22.4,42,1
Total,IND,ACT,Dennis,10,0,42,6,19,0.316,3,12,0.25,2,2,1.0,2,5,7,8,4,0,4,5,0,17,1.7,10,0
Total,MIN,ACT,DiVincenzo,61,10,1577,244,583,0.419,170,430,0.395,49,63,0.778,31,194,225,223,111,0,73,98,17,707,11.6,28,0
Total,CHA,ACT,Diabate,70,8,1216,163,271,0.601,0,5,0.0,67,112,0.598,183,246,429,56,107,0,44,58,39,393,5.6,21,0
Total,TOR,ACT,Dick,54,54,1587,265,647,0.41,114,326,0.35,133,155,0.858,44,149,193,98,120,2,48,83,10,777,14.4,32,1
Total,OKC,ACT,Dieng,37,1,405,54,125,0.432,23,71,0.324,11,16,0.688,18,63,81,31,33,0,17,18,7,142,3.8,21,0
Total,MIN,ACT,Dillingham,49,1,516,93,211,0.441,25,74,0.338,8,15,0.533,12,38,50,98,37,1,20,53,1,219,4.5,19,0
Total,DAL,ACT,Dinwiddie,78,30,2100,283,672,0.421,108,320,0.338,190,238,0.798,18,189,207,342,119,1,69,99,17,864,11.1,31,0
Total,LAL,ACT,Doncic,50,50,1769,461,1025,0.45,177,481,0.368,309,395,0.782,40,369,409,383,126,0,89,179,21,1408,28.2,45,1
Total,OKC,ACT,Dort,71,71,2073,258,593,0.435,170,413,0.412,33,46,0.717,89,204,293,115,208,1,79,51,39,719,10.1,26,1
Total,CHI,ACT,Dosunmu,46,26,1394,221,449,0.492,62,189,0.328,62,79,0.785,26,135,161,208,105,0,43,69,18,566,12.3,27,1
Total,PHI,ACT,Dowtin,41,3,621,112,230,0.487,28,70,0.4,33,45,0.733,12,48,60,78,29,0,24,15,12,285,7.0,30,0
Total,PHI,ACT,Drummond,40,23,751,117,234,0.5,3,20,0.15,56,90,0.622,109,201,310,34,94,0,39,55,18,293,7.3,25,1
Total,SA,ACT,Duke,6,0,34,6,14,0.429,3,6,0.5,1,2,0.5,1,4,5,4,1,0,1,2,0,16,2.7,8,0
Total,LAC,ACT,Dunn,73,57,1748,188,433,0.434,72,221,0.326,15,22,0.682,53,197,250,204,193,1,125,73,27,463,6.3,15,1
Total,PHO,ACT,Dunn,73,43,1380,200,466,0.429,80,258,0.31,19,39,0.487,86,171,257,54,161,0,43,39,39,499,6.8,26,1
Total,PHO,ACT,Durant,62,62,2265,592,1124,0.527,160,372,0.43,303,361,0.839,23,351,374,263,104,0,50,190,77,1647,26.6,43,1
Total,HOU,ACT,Eason,56,16,1402,268,548,0.489,63,182,0.346,79,103,0.767,124,231,355,80,135,1,96,64,49,678,12.1,30,0
Total,MEM,ACT,Edey,66,55,1416,251,433,0.58,18,52,0.346,90,127,0.709,232,316,548,65,182,3,36,88,85,610,9.2,25,1
Total,MIN,ACT,Edwards,78,78,2831,706,1581,0.447,313,793,0.395,409,489,0.836,61,383,444,354,149,0,88,247,50,2134,27.4,53,1
Total,PHI,ACT,Edwards,44,26,1155,172,378,0.455,69,190,0.363,32,46,0.696,46,102,148,69,98,1,45,49,16,445,10.1,25,1
Total,DAL,ACT,Edwards,40,18,608,67,135,0.496,22,54,0.407,12,13,0.923,22,93,115,42,62,0,19,16,20,168,4.2,22,0
Total,SAC,ACT,Ellis,79,27,1919,223,456,0.489,138,316,0.437,73,86,0.849,60,150,210,117,174,0,120,71,61,657,8.3,33,0
Total,PHI,ACT,Embiid,19,19,574,140,315,0.444,23,77,0.299,149,169,0.882,36,119,155,85,42,0,14,62,18,452,23.8,37,1
Total,BRK,ACT,Etienne,6,0,134,16,49,0.327,12,41,0.293,6,8,0.75,3,6,9,11,16,0,3,8,1,50,8.3,16,0
Total,LAC,ACT,Eubanks,61,4,746,115,194,0.593,3,6,0.5,47,71,0.662,60,166,226,54,63,0,12,41,39,280,4.6,17,0
Total,BRK,ACT,Evbuomwan,27,0,644,94,219,0.429,24,77,0.312,53,71,0.746,32,84,116,50,51,0,23,38,10,265,9.8,22,0
Total,DAL,ACT,Exum,19,12,358,62,129,0.481,23,51,0.451,23,31,0.742,4,27,31,53,33,0,12,22,3,170,8.9,27,1
Total,UTA,ACT,Filipowski,71,26,1493,254,505,0.503,75,216,0.347,92,142,0.648,111,326,437,137,165,1,48,102,20,675,9.5,30,0
Total,LAL,ACT,Finney-Smith,63,40,1819,195,435,0.448,129,314,0.411,30,45,0.667,80,167,247,90,136,0,58,56,23,549,8.7,20,1
Total,OKC,ACT,Flagler,36,0,181,24,89,0.27,14,67,0.209,1,2,0.5,7,19,26,12,14,0,8,4,3,63,1.8,17,0
Total,LAC,ACT,Flowers,6,0,27,4,11,0.364,0,2,0.0,3,3,1.0,1,3,4,0,4,0,0,1,0,11,1.8,9,0
Total,DET,ACT,Fontecchio,74,0,1217,145,364,0.398,72,220,0.327,69,83,0.831,49,163,212,63,94,0,31,51,12,431,5.8,23,0
Total,SA,ACT,Fox,62,62,2241,539,1163,0.463,118,381,0.31,263,318,0.827,54,244,298,392,164,0,91,174,25,1459,23.5,60,1
Total,IND,ACT,Freeman,21,1,150,14,29,0.483,1,7,0.143,9,15,0.6,9,13,22,8,20,0,2,5,2,38,1.8,6,0
Total,SAC,ACT,Fultz,20,0,172,26,64,0.406,4,8,0.5,1,1,1.0,6,12,18,23,11,0,10,14,1,57,2.9,8,0
Total,IND,ACT,Furphy,49,0,338,30,76,0.395,14,43,0.326,14,18,0.778,21,41,62,14,36,0,17,9,10,88,1.8,17,0
Total,CLE,ACT,Garland,75,75,2301,554,1174,0.472,212,529,0.401,224,255,0.878,47,167,214,506,143,0,91,189,11,1544,20.6,40,1
Total,MIN,ACT,Garza,39,0,219,52,105,0.495,10,36,0.278,24,35,0.686,31,23,54,11,29,0,6,12,3,138,3.5,16,0
Total,UTA,ACT,George,66,34,2061,353,896,0.394,174,499,0.349,231,282,0.819,26,222,248,370,111,0,46,179,9,1111,16.8,35,1
Total,WAS,ACT,George,67,37,1787,201,542,0.371,113,352,0.321,70,93,0.753,49,234,283,168,201,2,68,97,50,585,8.7,24,1
Total,PHI,ACT,George,41,41,1334,245,570,0.43,96,268,0.358,79,97,0.814,24,195,219,178,101,2,75,106,20,665,16.2,33,1
Total,CHA,ACT,Gibson,36,11,398,45,92,0.489,1,2,0.5,12,20,0.6,47,67,114,19,54,0,9,24,18,103,2.9,10,0
Total,CHI,ACT,Giddey,70,69,2117,371,798,0.465,105,278,0.378,175,224,0.781,127,439,566,503,122,0,84,202,45,1022,14.6,29,1
Total,OKC,ACT,Gilgeous-Alexander,76,76,2598,860,1656,0.519,163,435,0.375,601,669,0.898,67,312,379,486,164,0,131,183,77,2484,32.7,54,1
Total,WAS,ACT,Gill,51,0,397,43,88,0.489,10,31,0.323,33,50,0.66,18,48,66,16,30,0,9,10,2,129,2.5,10,0
Total,PHO,ACT,Gillespie,32,8,433,64,151,0.424,36,84,0.429,18,20,0.9,22,53,75,75,29,0,19,16,5,182,5.7,22,0
Total,LAL,ACT,Goodwin,28,5,512,58,130,0.446,24,63,0.381,9,11,0.818,36,69,105,38,43,0,28,24,11,149,5.3,17,0
Total,DEN,ACT,Gordon,50,41,1420,257,484,0.531,74,169,0.438,142,176,0.807,76,164,240,161,82,0,21,70,13,730,14.6,38,1
Total,PHI,ACT,Gordon,39,13,768,87,204,0.426,56,137,0.409,36,48,0.75,8,38,46,65,32,0,26,28,12,266,6.8,15,0
Total,POR,ACT,Grant,47,47,1524,214,574,0.373,108,296,0.365,141,166,0.849,26,137,163,101,109,1,41,65,46,677,14.4,34,1
Total,MIL,ACT,Green,72,6,1640,180,419,0.43,153,359,0.426,22,27,0.815,18,153,171,104,156,3,37,40,7,535,7.4,21,0
Total,GS,ACT,Green,67,65,1945,211,500,0.422,76,240,0.317,101,147,0.687,74,337,411,379,214,3,98,172,68,599,8.9,23,1
Total,HOU,ACT,Green,81,81,2676,608,1430,0.425,234,660,0.355,271,334,0.811,45,330,375,280,126,0,71,202,27,1721,21.2,42,1
Total,CLE,ACT,Green,67,18,1238,119,275,0.433,46,136,0.338,55,76,0.724,57,158,215,54,93,0,63,32,30,339,5.1,15,0
Total,HOU,ACT,Green,31,3,385,59,115,0.513,28,74,0.378,21,26,0.808,10,45,55,20,31,0,6,9,4,167,5.4,19,0
Total,CHA,ACT,Green,68,67,1887,180,421,0.428,97,248,0.391,49,72,0.681,56,116,172,108,165,0,74,70,15,506,7.4,20,1
Total,PHI,ACT,Grimes,74,36,1978,381,809,0.471,162,412,0.393,160,212,0.755,59,258,317,224,136,0,74,137,22,1084,14.6,46,0
Total,ATL,ACT,Gueye,32,27,526,71,169,0.42,20,80,0.25,32,42,0.762,43,92,135,27,55,0,28,15,33,194,6.1,15,1
Total,LAL,ACT,Hachimura,59,57,1869,293,576,0.509,102,247,0.413,87,113,0.77,79,216,295,83,105,0,45,49,26,775,13.1,24,1
Total,IND,ACT,Haliburton,73,73,2451,476,1006,0.473,218,562,0.388,189,222,0.851,42,216,258,673,92,0,105,120,49,1359,18.6,35,1
Total,DEN,ACT,Hall,19,0,66,14,24,0.583,2,8,0.25,3,4,0.75,6,16,22,4,11,0,0,2,4,33,1.7,7,0
Total,DET,ACT,Hardaway,76,76,2141,275,676,0.407,167,453,0.369,124,145,0.855,18,164,182,123,96,0,38,48,7,841,11.1,32,1
Total,LAC,ACT,Harden,78,78,2741,518,1272,0.407,230,660,0.348,497,569,0.873,54,395,449,677,159,0,116,335,53,1763,22.6,50,1
Total,DAL,ACT,Hardy,56,3,874,174,397,0.438,74,188,0.394,57,82,0.695,9,76,85,78,87,0,27,79,5,479,8.6,25,0
Total,UTA,ACT,Harkless,10,0,138,11,35,0.314,7,25,0.28,3,6,0.5,9,12,21,8,18,0,10,3,1,32,3.2,11,0
Total,ORL,ACT,Harris,47,3,693,47,129,0.364,32,97,0.33,7,12,0.583,20,43,63,29,45,0,25,16,12,133,2.8,18,0
Total,DET,ACT,Harris,72,72,2295,382,802,0.476,91,263,0.346,143,166,0.861,65,364,429,161,137,1,72,83,57,998,13.9,27,1
Total,NY,ACT,Hart,77,77,2897,404,770,0.525,84,252,0.333,159,205,0.776,161,576,737,453,201,2,119,158,27,1051,13.6,30,1
Total,OKC,ACT,Hartenstein,57,53,1590,279,480,0.581,0,19,0.0,79,117,0.675,163,448,611,219,171,0,47,96,62,637,11.2,24,1
Total,BOS,ACT,Hauser,70,18,1513,210,465,0.452,162,392,0.413,8,8,1.0,44,178,222,63,87,1,41,23,13,590,8.4,33,0
Total,NO,ACT,Hawkins,56,9,1321,207,556,0.372,110,332,0.331,80,98,0.816,25,133,158,66,51,0,30,58,23,604,10.8,25,0
Total,LAL,ACT,Hayes,56,35,1093,161,223,0.722,0,3,0.0,61,98,0.622,78,191,269,58,136,1,31,43,51,383,6.8,19,1
Total,POR,ACT,Henderson,66,10,1759,287,685,0.419,105,297,0.354,158,206,0.767,52,146,198,335,181,2,68,177,13,837,12.7,39,0
Total,UTA,ACT,Hendricks,3,3,75,4,18,0.222,3,12,0.25,3,4,0.75,5,10,15,2,8,0,5,2,4,14,4.7,12,1
Total,MIA,ACT,Herro,77,77,2725,651,1378,0.472,251,670,0.375,287,327,0.878,35,364,399,424,85,1,69,198,17,1840,23.9,40,1
Total,GS,ACT,Hield,81,22,1847,325,779,0.417,201,543,0.37,53,64,0.828,51,212,263,134,130,1,69,91,23,904,11.2,28,0
Total,MIA,ACT,Highsmith,73,41,1796,174,381,0.457,87,228,0.382,31,43,0.721,71,178,249,111,162,0,68,53,37,466,6.4,19,1
Total,HOU,ACT,Holiday,61,3,783,115,264,0.436,70,177,0.395,34,41,0.829,13,65,78,81,62,0,19,37,11,334,5.5,25,0
Total,BOS,ACT,Holiday,62,62,1896,254,573,0.443,108,306,0.353,70,77,0.909,76,189,265,239,101,0,66,77,27,686,11.1,25,1
Total,DET,ACT,Holland,80,1,1244,195,412,0.473,35,149,0.235,92,121,0.76,40,178,218,81,140,0,48,72,16,517,6.5,26,0
Total,WAS,ACT,Holmes,31,7,534,90,139,0.647,0,3,0.0,50,60,0.833,62,115,177,42,49,0,9,21,23,230,7.4,20,0
Total,OKC,ACT,Holmgren,32,32,877,167,341,0.49,44,116,0.379,101,134,0.754,48,209,257,63,72,0,23,56,71,479,15.0,29,1
Total,PHI,ACT,Hood-Schifino,14,0,288,35,89,0.393,13,42,0.31,16,19,0.842,2,23,25,34,23,0,5,16,7,99,7.1,19,0
Total,BOS,ACT,Horford,60,42,1659,195,461,0.423,114,314,0.363,34,38,0.895,79,290,369,128,81,0,36,46,51,538,9.0,26,1
Total,CHI,ACT,Horton-Tucker,57,0,695,127,282,0.45,41,120,0.342,67,91,0.736,19,78,97,77,59,0,19,39,11,362,6.4,27,0
Total,ORL,ACT,Houstan,57,6,753,75,180,0.417,62,156,0.397,14,15,0.933,19,51,70,32,60,0,20,11,6,226,4.0,18,0
Total,ORL,ACT,Howard,59,0,668,91,249,0.365,53,179,0.296,16,23,0.696,20,49,69,43,65,1,13,30,11,251,4.3,21,0
Total,CHI,ACT,Huerter,68,30,1663,251,593,0.423,127,384,0.331,34,47,0.723,30,173,203,154,119,1,66,67,23,663,9.8,26,0
Total,MEM,ACT,Huff,63,2,720,148,293,0.505,79,196,0.403,42,54,0.778,27,96,123,36,75,0,14,31,50,417,6.6,20,0
Total,CLE,ACT,Hunter,64,9,1740,358,762,0.47,157,388,0.405,215,254,0.846,44,214,258,92,155,0,50,82,13,1088,17.0,35,0
Total,MIN,ACT,Hyland,24,0,239,47,118,0.398,32,82,0.39,23,26,0.885,5,20,25,32,29,0,18,25,4,149,6.2,22,0
Total,PHO,ACT,Ighodaro,60,6,1019,108,180,0.6,0,2,0.0,29,50,0.58,64,154,218,68,100,0,27,36,29,245,4.1,12,0
Total,TOR,ACT,Ingram,18,18,595,155,333,0.465,43,115,0.374,47,55,0.855,17,83,100,93,45,0,16,69,11,400,22.2,33,1
Total,DAL,ACT,Irving,50,50,1804,447,945,0.473,144,359,0.401,196,214,0.916,60,180,240,231,101,0,66,111,23,1234,24.7,46,1
Total,ORL,ACT,Isaac,70,0,1071,129,315,0.41,39,149,0.262,71,105,0.676,116,188,304,38,90,0,60,32,77,368,5.3,20,0
Total,DET,ACT,Ivey,30,30,898,190,413,0.46,63,154,0.409,85,116,0.733,40,84,124,119,67,1,28,89,11,528,17.6,28,1
Total,MIL,ACT,Jackson,66,43,944,90,191,0.471,29,75,0.387,12,24,0.5,64,115,179,79,111,0,34,53,14,221,3.3,14,1
Total,MEM,ACT,Jackson,28,2,424,72,187,0.385,31,92,0.337,29,40,0.725,26,62,88,26,28,0,12,29,5,204,7.3,27,0
Total,MEM,ACT,Jackson,74,74,2207,592,1213,0.488,146,389,0.375,311,398,0.781,91,326,417,148,257,5,92,153,113,1641,22.2,42,1
Total,IND,ACT,Jackson,27,7,341,51,106,0.481,15,36,0.417,24,33,0.727,13,25,38,51,41,0,17,15,5,141,5.2,24,0
Total,GS,ACT,Jackson-Davis,62,37,967,174,302,0.576,0,3,0.0,59,102,0.578,122,189,311,104,73,0,23,45,38,407,6.6,19,1
Total,LAL,ACT,James,26,0,143,19,57,0.333,9,30,0.3,11,14,0.786,3,12,15,16,12,0,5,10,3,58,2.2,17,0
Total,LAL,ACT,James,70,70,2444,651,1270,0.513,149,396,0.376,259,331,0.782,72,474,546,575,99,0,70,260,39,1710,24.4,42,1
Total,MIA,ACT,Jaquez,65,16,1328,196,437,0.449,35,113,0.31,102,135,0.756,83,197,280,159,79,0,61,95,14,529,8.1,20,0
Total,CHA,ACT,Jeffries,46,19,1043,114,279,0.409,52,156,0.333,24,29,0.828,36,95,131,53,98,1,25,34,25,304,6.6,20,0
Total,CLE,ACT,Jerome,70,3,1393,319,618,0.516,111,253,0.439,129,148,0.872,50,123,173,237,102,0,78,92,3,878,12.5,33,0
Total,OKC,ACT,Joe,73,15,1569,254,573,0.443,190,455,0.418,41,51,0.804,38,152,190,118,110,0,46,38,9,739,10.1,32,0
Total,WAS,ACT,Johnson,28,10,590,76,197,0.386,22,85,0.259,32,37,0.865,8,50,58,68,48,1,11,33,3,206,7.4,20,0
Total,BRK,ACT,Johnson,57,57,1800,355,747,0.475,159,408,0.39,201,225,0.893,54,193,247,194,104,0,53,99,25,1070,18.8,37,1
Total,ATL,ACT,Johnson,36,36,1284,271,542,0.5,44,141,0.312,94,126,0.746,62,297,359,181,67,0,56,106,36,680,18.9,30,1
Total,IND,ACT,Johnson,12,0,37,4,11,0.364,0,3,0.0,0,1,0.0,0,6,6,4,5,0,0,4,2,8,0.7,4,0
Total,SA,ACT,Johnson,76,0,1811,361,756,0.478,86,270,0.319,148,189,0.783,109,253,362,125,115,0,49,75,21,956,12.6,28,0
Total,BRK,ACT,Johnson,78,55,1888,298,766,0.389,125,393,0.318,104,135,0.77,61,227,288,171,204,0,81,112,30,825,10.6,25,1
Total,MIA,ACT,Johnson,15,0,70,11,17,0.647,1,4,0.25,3,8,0.375,3,17,20,3,7,0,3,3,4,26,1.7,10,0
Total,DEN,ACT,Jokic,69,69,2540,779,1354,0.575,135,326,0.414,360,449,0.802,199,686,885,709,157,0,125,229,44,2053,29.8,61,1
Total,WAS,ACT,Jones,38,0,473,50,111,0.45,16,45,0.356,21,31,0.677,20,57,77,40,35,0,26,21,13,137,3.6,24,0
Total,LAC,ACT,Jones,76,55,1856,309,586,0.527,78,218,0.358,82,116,0.707,92,166,258,59,152,1,79,66,33,778,10.2,29,1
Total,OKC,ACT,Jones,53,2,515,46,126,0.365,15,62,0.242,15,26,0.577,29,82,111,57,49,0,15,25,4,122,2.3,12,0
Total,NO,ACT,Jones,20,20,648,75,172,0.436,22,72,0.306,33,40,0.825,22,56,78,65,66,1,37,35,9,205,10.3,24,1
Total,SAC,ACT,Jones,39,0,296,53,82,0.646,3,8,0.375,23,36,0.639,21,34,55,12,30,0,5,15,9,132,3.4,12,0
Total,DAL,ACT,Jones,39,6,442,82,102,0.804,1,4,0.25,22,30,0.733,38,79,117,23,50,2,14,16,23,187,4.8,21,0
Total,SAC,ACT,Jones,10,0,45,9,18,0.5,1,8,0.125,4,5,0.8,2,7,9,11,3,0,0,1,1,23,2.3,9,0
Total,DEN,ACT,Jones,20,0,125,11,34,0.324,1,17,0.059,3,3,1.0,8,9,17,5,17,0,5,5,5,26,1.3,9,0
Total,CHI,ACT,Jones,46,9,905,128,238,0.538,19,48,0.396,55,67,0.821,31,85,116,192,55,0,37,35,10,330,7.2,20,0
Total,PHO,ACT,Jones,80,57,2148,299,670,0.446,163,394,0.414,51,57,0.895,40,154,194,425,63,0,68,90,8,812,10.2,22,1
Total,ORL,ACT,Joseph,50,16,612,62,154,0.403,39,107,0.364,14,18,0.778,17,57,74,72,50,0,26,18,4,177,3.5,13,0
Total,MIA,ACT,Jovic,46,10,1156,172,377,0.456,78,210,0.371,72,87,0.828,26,154,180,131,82,0,38,60,13,494,10.7,23,0
Total,UTA,ACT,Juzang,63,17,1242,198,464,0.427,115,308,0.373,45,53,0.849,42,140,182,67,123,0,38,35,8,556,8.8,27,0
Total,MEM,ACT,Kawamura,21,0,65,8,22,0.364,4,16,0.25,4,6,0.667,0,7,7,14,7,0,1,4,0,24,1.1,10,0
Total,MEM,ACT,Kennard,65,11,1472,206,431,0.478,113,261,0.433,51,57,0.895,37,146,183,215,59,0,50,72,5,576,8.9,30,0
Total,UTA,ACT,Kessler,58,58,1740,278,419,0.663,6,34,0.176,79,152,0.52,266,441,707,97,130,0,36,86,138,641,11.1,25,1
Total,GS,ACT,Key,3,0,11,0,4,0.0,0,1,0.0,3,6,0.5,1,1,2,0,0,0,2,1,0,3,1.0,2,0
Total,WAS,ACT,Kispert,61,0,1602,255,565,0.451,120,330,0.364,75,88,0.852,36,145,181,103,98,0,26,64,14,705,11.6,25,0
Total,LAL,ACT,Kleber,34,4,637,37,96,0.385,13,49,0.265,16,21,0.762,25,70,95,43,66,1,9,23,17,103,3.0,15,0
Total,LAL,ACT,Knecht,77,15,1456,248,536,0.463,123,328,0.375,60,80,0.75,35,173,208,66,92,0,24,35,6,679,8.8,37,0
Total,GS,ACT,Knox II,14,0,84,18,36,0.5,4,15,0.267,6,8,0.75,7,10,17,5,6,0,2,4,4,46,3.3,12,0
Total,NY,ACT,Kolek,40,0,282,26,77,0.338,13,43,0.302,11,15,0.733,6,18,24,66,25,0,12,15,4,76,1.9,8,0
Total,LAL,ACT,Koloko,36,0,322,38,62,0.613,0,3,0.0,10,12,0.833,32,52,84,16,41,0,7,12,11,86,2.4,8,0
Total,MEM,ACT,Konchar,45,4,537,40,89,0.449,23,61,0.377,7,8,0.875,35,109,144,39,32,0,24,15,14,110,2.4,9,0
Total,BOS,ACT,Kornet,72,15,1331,182,271,0.672,0,2,0.0,66,95,0.695,186,194,380,115,117,0,35,31,67,430,6.0,19,0
Total,ATL,ACT,Krejci,56,16,1125,140,287,0.488,88,204,0.431,31,44,0.705,20,129,149,140,103,1,33,47,26,399,7.1,20,0
Total,GS,ACT,Kuminga,47,10,1144,258,568,0.454,46,151,0.305,157,235,0.668,56,161,217,104,90,0,38,71,21,719,15.3,34,0
Total,MIL,ACT,Kuzma,64,61,1924,362,838,0.432,91,306,0.297,127,201,0.632,54,314,368,150,119,0,36,145,19,942,14.7,31,1
Total,SAC,ACT,LaRavia,66,0,1349,160,337,0.475,60,142,0.423,78,115,0.678,90,169,259,158,132,1,62,86,23,458,6.9,19,0
Total,SAC,ACT,LaVine,73,73,2576,619,1212,0.511,235,530,0.443,235,285,0.825,22,293,315,308,121,0,58,206,12,1708,23.4,43,1
Total,HOU,ACT,Landale,41,3,491,76,147,0.517,10,25,0.4,27,40,0.675,55,79,134,37,49,0,13,21,10,189,4.6,13,0
Total,MIA,ACT,Larsson,55,8,782,89,203,0.438,32,95,0.337,41,61,0.672,28,64,92,65,91,0,32,24,7,251,4.6,16,0
Total,TOR,ACT,Lawson,25,2,465,77,183,0.421,32,97,0.33,36,56,0.643,20,66,86,31,43,0,13,14,6,222,8.9,32,0
Total,ATL,ACT,LeVert,64,3,1596,280,599,0.467,106,284,0.373,110,155,0.71,41,162,203,215,99,0,57,76,33,776,12.1,31,0
Total,PHO,ACT,Lee,24,0,138,25,70,0.357,9,36,0.25,20,21,0.952,3,16,19,11,6,0,6,10,0,79,3.3,11,0
Total,LAL,ACT,Len,45,6,366,30,59,0.508,2,8,0.25,8,17,0.471,38,55,93,37,50,0,9,17,20,70,1.6,10,0
Total,LAC,ACT,Leonard,36,36,1133,297,603,0.493,74,182,0.407,95,116,0.819,35,178,213,109,55,0,56,67,17,763,21.2,33,1
Total,BRK,ACT,Lewis,28,1,328,45,108,0.417,19,50,0.38,7,10,0.7,18,37,55,19,29,0,9,14,7,116,4.1,15,0
Total,CHI,ACT,Liddell,11,0,49,8,14,0.571,3,9,0.333,2,2,1.0,3,6,9,3,10,0,1,2,1,21,1.9,6,0
Total,MIL,ACT,Lillard,58,58,2093,444,992,0.448,197,524,0.376,362,393,0.921,29,243,272,410,97,0,70,162,10,1447,24.9,43,1
Total,MIL,ACT,Livingston,20,1,87,7,24,0.292,0,8,0.0,10,14,0.714,9,20,29,3,6,0,5,5,0,24,1.2,10,0
Total,GS,ACT,Looney,75,6,1126,140,275,0.509,2,5,0.4,56,99,0.566,185,274,459,115,154,1,45,39,37,338,4.5,18,0
Total,MIL,ACT,Lopez,80,80,2546,394,774,0.509,139,373,0.373,114,138,0.826,113,288,401,143,171,0,50,84,148,1041,13.0,29,1
Total,MIA,ACT,Love,23,9,251,41,115,0.357,24,67,0.358,16,23,0.696,22,72,94,22,21,0,15,14,4,122,5.3,15,0
Total,PHI,ACT,Lowry,35,12,659,41,117,0.35,29,88,0.33,27,33,0.818,11,56,67,96,62,0,33,21,11,138,3.9,14,0
Total,SAC,ACT,Lyles,68,5,1325,153,364,0.42,79,231,0.342,55,79,0.696,80,234,314,81,86,0,40,39,23,440,6.5,22,0
Total,SA,ACT,Mamukelashvili,60,0,662,135,273,0.495,60,159,0.377,43,58,0.741,62,121,183,44,59,0,21,25,17,373,6.2,34,0
Total,ATL,ACT,Mann,66,12,1385,196,399,0.491,60,161,0.373,46,66,0.697,66,130,196,117,128,1,47,46,15,498,7.5,19,0
Total,CHA,ACT,Mann,13,0,319,70,161,0.435,24,60,0.4,19,21,0.905,12,26,38,39,24,0,7,25,4,183,14.1,27,0
Total,UTA,ACT,Markkanen,47,47,1476,296,700,0.423,138,399,0.346,162,185,0.876,72,206,278,70,79,0,33,66,17,892,19.0,35,1
Total,DAL,ACT,Marshall,68,30,1892,357,701,0.509,59,216,0.273,130,160,0.813,75,250,325,206,109,0,70,109,11,903,13.3,38,0
Total,DAL,ACT,Martin,44,24,1196,126,296,0.426,37,100,0.37,61,98,0.622,52,122,174,95,85,0,46,56,23,350,8.0,23,1
Total,PHO,ACT,Martin,52,8,1161,135,322,0.419,43,149,0.289,43,61,0.705,53,169,222,104,94,0,56,50,32,356,6.8,25,0
Total,WAS,ACT,Martin,16,0,239,31,74,0.419,7,23,0.304,9,10,0.9,11,33,44,17,14,0,9,12,0,78,4.9,13,0
Total,UTA,ACT,Martin,43,16,912,111,201,0.552,15,58,0.259,37,47,0.787,30,95,125,48,101,1,17,24,22,274,6.4,20,0
Total,BRK,ACT,Martin,59,10,1284,181,451,0.401,97,276,0.351,44,56,0.786,56,156,212,121,75,0,34,68,8,503,8.5,30,0
Total,ATL,ACT,Mathews,46,2,793,98,248,0.395,82,211,0.389,63,77,0.818,13,70,83,59,79,0,26,29,14,341,7.4,25,0
Total,IND,ACT,Mathurin,72,49,2149,391,853,0.458,98,288,0.34,276,332,0.831,87,296,383,136,162,2,47,135,24,1156,16.1,38,1
Total,NO,ACT,Matkovic,42,7,791,135,235,0.574,21,66,0.318,34,44,0.773,64,145,209,46,106,2,22,43,41,325,7.7,19,0
Total,PHI,ACT,Maxey,52,52,1960,477,1091,0.437,161,478,0.337,254,289,0.879,15,159,174,317,116,0,91,124,21,1369,26.3,45,1
Total,NY,ACT,McBride,63,9,1563,216,533,0.405,112,303,0.37,50,62,0.806,47,110,157,179,105,0,64,39,17,594,9.4,23,0
Total,PHI,ACT,McCain,23,8,592,126,274,0.46,51,133,0.383,49,56,0.875,13,43,56,60,37,1,15,37,0,352,15.3,34,0
Total,NO,ACT,McCollum,56,56,1832,444,1000,0.444,171,459,0.373,124,173,0.717,42,170,212,227,124,1,46,106,24,1183,21.1,50,1
Total,IND,ACT,McConnell,78,1,1397,320,616,0.519,15,49,0.306,57,77,0.74,44,149,193,350,78,0,82,108,21,712,9.1,30,0
Total,MIN,ACT,McDaniels,81,81,2589,394,827,0.476,100,302,0.331,104,126,0.825,127,341,468,163,221,2,107,91,72,992,12.2,30,1
Total,SAC,ACT,McDermott,41,3,327,48,109,0.44,42,95,0.442,3,5,0.6,3,19,22,5,30,0,4,6,2,141,3.4,18,0
Total,POR,ACT,McGowens,13,0,32,4,14,0.286,0,4,0.0,5,6,0.833,2,1,3,2,3,0,1,4,0,13,1.0,4,0
Total,SA,ACT,McLaughlin,45,0,311,30,70,0.429,19,45,0.422,17,22,0.773,6,24,30,51,17,0,16,16,1,96,2.1,11,0
Total,BRK,ACT,Melton,6,2,121,22,54,0.407,13,35,0.371,5,8,0.625,6,14,20,17,18,0,7,10,2,62,10.3,19,0
Total,CLE,ACT,Merrill,71,4,1401,172,424,0.406,137,368,0.372,28,29,0.966,38,119,157,108,124,0,53,35,14,509,7.2,27,0
Total,PHO,ACT,Micic,41,16,785,95,273,0.348,45,125,0.36,34,41,0.829,20,69,89,128,45,0,15,77,0,269,6.6,20,0
Total,WAS,ACT,Middleton,37,21,843,160,337,0.475,48,133,0.361,72,84,0.857,13,124,137,150,75,0,35,56,8,440,11.9,22,1
Total,CHA,ACT,Miller,27,27,924,198,491,0.403,104,293,0.355,68,79,0.861,25,106,131,98,74,1,29,76,20,568,21.0,38,1
Total,CHI,ACT,Miller,5,0,14,1,4,0.25,0,1,0.0,2,2,1.0,2,1,3,2,1,0,0,0,0,4,0.8,4,0
Total,LAC,ACT,Miller,37,0,420,58,134,0.433,8,38,0.211,28,35,0.8,23,35,58,34,26,0,17,26,5,152,4.1,15,0
Total,MIN,ACT,Miller,13,0,32,6,15,0.4,0,5,0.0,8,8,1.0,3,8,11,0,2,0,2,2,1,20,1.5,6,0
Total,LAC,ACT,Mills,29,0,321,36,96,0.375,26,75,0.347,13,14,0.929,4,18,22,26,24,0,13,17,3,111,3.8,14,0
Total,LAL,ACT,Milton,56,1,793,110,239,0.46,37,102,0.363,42,53,0.792,30,72,102,99,65,2,24,37,3,299,5.3,22,0
Total,POR,ACT,Minaya,18,0,82,6,16,0.375,1,7,0.143,0,2,0.0,2,5,7,5,11,0,5,3,1,13,0.7,5,0
Total,MIN,ACT,Minott,46,0,276,44,90,0.489,14,43,0.326,17,19,0.895,12,35,47,18,34,0,15,11,12,119,2.6,13,0
Total,NO,ACT,Missi,73,67,1956,269,492,0.547,0,1,0.0,127,204,0.623,255,346,601,99,145,0,37,82,98,665,9.1,24,1
Total,OKC,ACT,Mitchell,35,1,579,88,174,0.506,22,53,0.415,29,35,0.829,17,50,67,62,64,0,25,28,3,227,6.5,17,0
Total,MIA,ACT,Mitchell,73,36,2008,221,472,0.468,84,211,0.398,58,84,0.69,35,128,163,355,185,2,71,127,16,584,8.0,20,0
Total,CLE,ACT,Mitchell,71,71,2232,585,1320,0.443,233,633,0.368,298,362,0.823,57,265,322,354,140,0,95,149,17,1701,24.0,41,1
Total,CLE,ACT,Mobley,71,71,2167,505,906,0.557,85,230,0.37,221,305,0.725,164,495,659,226,141,2,61,145,113,1316,18.5,41,1
Total,TOR,ACT,Mogbo,62,17,1251,152,342,0.444,17,65,0.262,59,80,0.738,105,192,297,136,133,1,51,68,34,380,6.1,17,0
Total,SAC,ACT,Monk,65,45,2054,412,939,0.439,139,428,0.325,154,178,0.865,30,215,245,362,158,0,61,159,38,1117,17.2,34,1
Total,GS,ACT,Moody,73,33,1619,244,564,0.433,126,336,0.375,106,133,0.797,52,137,189,94,112,0,56,53,29,720,9.9,22,0
Total,CHA,ACT,Moore,35,1,484,56,121,0.463,12,38,0.316,18,22,0.818,28,64,92,40,30,0,20,27,5,142,4.1,12,0
Total,MEM,ACT,Morant,50,50,1519,404,889,0.454,88,285,0.309,263,319,0.824,34,171,205,364,113,0,61,185,12,1159,23.2,44,1
Total,LAL,ACT,Morris,14,1,132,16,60,0.267,8,33,0.242,5,6,0.833,3,16,19,15,12,0,1,3,2,45,3.2,9,0
Total,PHO,ACT,Morris,44,0,550,80,188,0.426,29,82,0.354,36,42,0.857,11,53,64,71,21,0,20,21,3,225,5.1,12,0
Total,NO,ACT,Murphy,53,51,1854,381,839,0.454,158,438,0.361,204,230,0.887,47,221,268,188,112,0,56,103,39,1124,21.2,41,1
Total,NO,ACT,Murray,31,31,1012,194,494,0.393,52,174,0.299,102,124,0.823,17,183,200,228,61,0,63,106,12,542,17.5,30,1
Total,DEN,ACT,Murray,66,66,2394,525,1105,0.475,155,393,0.394,215,243,0.885,43,211,254,400,128,0,91,137,33,1420,21.5,55,1
Total,SAC,ACT,Murray,75,75,2587,361,812,0.445,154,446,0.345,60,72,0.833,146,354,500,107,186,2,61,60,69,936,12.5,28,1
Total,POR,ACT,Murray,68,5,1011,113,264,0.428,26,114,0.228,25,55,0.455,70,101,171,65,66,0,35,41,16,277,4.1,18,0
Total,UTA,ACT,Mykhailiuk,37,13,721,113,293,0.386,66,197,0.335,28,35,0.8,22,64,86,72,43,0,19,51,6,320,8.6,27,0
Total,ATL,ACT,Nance,24,3,463,80,155,0.516,34,76,0.447,9,13,0.692,23,80,103,38,37,0,20,16,13,203,8.5,21,0
Total,MIL,ACT,Nance,12,0,95,7,20,0.35,4,15,0.267,1,2,0.5,4,11,15,5,12,0,2,0,0,19,1.6,8,0
Total,IND,ACT,Nembhard,64,64,1866,246,531,0.463,50,172,0.291,108,136,0.794,34,182,216,322,148,1,79,110,11,650,10.2,23,1
Total,IND,ACT,Nesmith,44,36,1107,188,372,0.505,83,193,0.43,72,79,0.911,35,139,174,53,112,2,34,36,17,531,12.1,30,1
Total,MIN,ACT,Newton,8,0,16,1,8,0.125,0,3,0.0,1,1,1.0,2,2,4,2,4,0,1,2,0,3,0.4,3,0
Total,ATL,ACT,Niang,79,3,1697,286,620,0.461,166,409,0.406,46,58,0.793,47,225,272,111,201,1,28,82,14,784,9.9,27,0
Total,DEN,ACT,Nnaji,56,4,602,70,140,0.5,17,51,0.333,26,42,0.619,33,56,89,23,62,0,25,14,38,183,3.3,16,0
Total,CHA,ACT,Nurkic,50,31,1034,162,342,0.474,31,102,0.304,84,125,0.672,83,306,389,113,128,0,37,95,33,439,8.8,26,1
Total,PHO,ACT,O'Neale,74,22,1816,239,561,0.426,178,433,0.411,19,26,0.731,53,293,346,160,150,0,66,64,33,675,9.1,27,0
Total,CLE,ACT,Okeke,8,3,175,19,35,0.543,10,23,0.435,2,3,0.667,20,23,43,13,5,0,5,3,3,50,6.3,14,0
Total,CHA,ACT,Okogie,39,6,607,90,202,0.446,30,85,0.353,59,80,0.738,45,66,111,31,47,0,48,30,18,269,6.9,25,0
Total,ATL,ACT,Okongwu,74,40,2064,388,684,0.567,48,148,0.324,164,216,0.759,220,440,660,168,193,1,69,90,68,988,13.4,30,1
Total,CLE,ACT,Okoro,55,22,1053,124,267,0.464,56,151,0.371,33,46,0.717,49,81,130,68,104,0,32,23,16,337,6.1,16,0
Total,NO,ACT,Olynyk,44,22,891,134,268,0.5,33,79,0.418,83,108,0.769,62,144,206,128,123,2,33,76,19,384,8.7,26,1
Total,PHI,ACT,Oubre,60,57,2078,348,741,0.47,71,242,0.293,139,185,0.751,97,271,368,108,180,2,92,80,30,906,15.1,30,1
Total,SA,ACT,Paul,81,81,2258,244,570,0.428,138,365,0.378,82,88,0.932,32,257,289,599,149,0,99,128,22,708,8.7,19,1
Total,NY,ACT,Payne,71,4,1056,173,433,0.4,90,249,0.361,43,48,0.896,14,88,102,196,108,0,38,50,15,479,6.7,19,0
Total,NO,ACT,Payton,23,8,493,39,117,0.333,0,5,0.0,4,7,0.571,14,63,77,163,35,0,24,59,10,82,3.6,14,0
Total,GS,ACT,Payton,61,11,902,170,294,0.578,31,94,0.33,27,38,0.711,52,129,181,80,106,1,51,38,17,398,6.5,26,0
Total,BOS,ACT,Peterson,24,1,174,16,37,0.432,12,30,0.4,6,7,0.857,7,30,37,13,15,0,5,7,2,50,2.1,8,0
Total,CHI,ACT,Phillips,78,4,1097,124,279,0.444,49,149,0.329,60,76,0.789,66,96,162,37,106,1,36,27,19,357,4.6,23,0
Total,DEN,ACT,Pickett,48,4,647,77,176,0.438,40,99,0.404,6,8,0.75,15,55,70,106,36,0,19,23,4,200,4.2,18,0
Total,MEM,ACT,Pippen,79,21,1683,285,594,0.48,87,219,0.397,122,171,0.713,65,194,259,347,203,0,103,138,30,779,9.9,30,0
Total,ATL,ACT,Plowden,5,0,40,9,13,0.692,6,10,0.6,2,2,1.0,3,4,7,0,6,0,0,1,0,26,5.2,19,0
Total,PHO,ACT,Plumlee,73,20,1278,123,198,0.621,0,3,0.0,83,128,0.648,116,334,450,131,154,1,33,59,47,329,4.5,18,0
Total,GS,ACT,Podziemski,63,32,1673,273,618,0.442,113,305,0.37,69,90,0.767,64,254,318,216,91,1,67,73,12,728,11.6,29,1
Total,TOR,ACT,Poeltl,57,56,1686,363,579,0.627,1,3,0.333,97,144,0.674,189,358,547,158,176,4,66,111,71,824,14.5,35,1
Total,WAS,ACT,Poole,68,68,2001,457,1057,0.432,235,622,0.378,242,274,0.883,31,172,203,303,201,0,86,204,27,1391,20.5,45,1
Total,CLE,ACT,Porter,50,0,471,65,121,0.537,17,39,0.436,21,28,0.75,18,44,62,66,23,0,17,31,13,168,3.4,16,0
Total,MIL,ACT,Porter,75,4,1482,293,652,0.449,55,177,0.311,130,169,0.769,42,236,278,256,119,0,81,136,13,771,10.3,28,0
Total,DEN,ACT,Porter,76,76,2564,520,1036,0.502,190,483,0.393,149,194,0.768,138,395,533,165,155,1,50,103,36,1379,18.1,39,1
Total,MIL,ACT,Portis,49,7,1244,277,595,0.466,65,178,0.365,61,73,0.836,90,321,411,104,94,1,35,57,26,680,13.9,34,0
Total,BOS,ACT,Porzingis,42,42,1210,277,574,0.483,103,250,0.412,161,199,0.809,68,216,284,87,116,0,31,53,63,818,19.5,34,1
Total,GS,ACT,Post,41,14,675,123,273,0.451,73,178,0.41,21,27,0.778,35,110,145,56,83,0,16,33,18,340,8.3,20,0
Total,UTA,ACT,Potter,37,10,676,54,128,0.422,30,93,0.323,17,20,0.85,41,118,159,27,48,0,14,31,14,155,4.2,13,0
Total,DAL,ACT,Powell,54,3,535,40,57,0.702,1,3,0.333,27,41,0.659,47,71,118,55,74,0,17,18,21,108,2.0,11,0
Total,LAC,ACT,Powell,59,59,1914,453,932,0.486,178,422,0.422,211,263,0.802,21,167,188,125,110,1,72,106,9,1295,21.9,41,1
Total,MIL,ACT,Prince,80,73,2166,235,514,0.457,147,335,0.439,39,48,0.813,34,253,287,155,165,0,76,82,15,656,8.2,23,1
Total,BOS,ACT,Pritchard,79,2,2232,395,841,0.47,251,614,0.409,69,82,0.841,99,201,300,272,118,0,69,79,14,1110,14.1,43,0
Total,DAL,ACT,Prosper,52,4,584,70,174,0.402,12,51,0.235,49,76,0.645,44,82,126,40,28,0,26,14,6,201,3.9,20,0
Total,ORL,ACT,Queen,31,2,430,56,147,0.381,22,77,0.286,18,21,0.857,26,28,54,38,38,0,31,22,10,152,4.9,25,0
Total,BOS,ACT,Queta,61,6,837,131,198,0.662,0,3,0.0,46,61,0.754,87,143,230,41,103,0,16,40,42,308,5.0,14,0
Total,TOR,ACT,Quickley,33,33,918,184,438,0.42,85,225,0.378,111,128,0.867,16,101,117,191,61,1,23,58,4,564,17.1,34,1
Total,NO,ACT,Quinones,12,0,150,26,63,0.413,11,35,0.314,6,8,0.75,4,10,14,18,14,0,3,14,2,69,5.8,21,0
Total,MIN,ACT,Randle,68,68,2193,450,928,0.485,108,311,0.347,270,335,0.806,141,336,477,318,173,0,47,192,15,1278,18.8,35,1
Total,POR,ACT,Reath,46,0,469,70,166,0.422,34,106,0.321,20,22,0.909,44,48,92,26,41,0,12,16,14,194,4.2,17,0
Total,LAL,ACT,Reaves,73,73,2550,477,1037,0.46,200,531,0.377,321,366,0.877,61,268,329,421,151,0,81,177,22,1475,20.2,45,1
Total,DET,ACT,Reed,44,0,415,68,136,0.5,8,28,0.286,32,42,0.762,38,79,117,39,72,1,39,25,24,176,4.0,13,0
Total,PHI,ACT,Reese,15,0,216,26,54,0.481,15,41,0.366,9,12,0.75,9,38,47,4,21,0,10,6,10,76,5.1,11,0
Total,NO,ACT,Reeves,43,5,620,105,234,0.449,51,125,0.408,24,30,0.8,18,39,57,39,37,0,21,30,3,285,6.6,34,0
Total,MIN,ACT,Reid,79,17,2176,421,913,0.461,175,459,0.381,110,142,0.775,89,383,472,179,187,1,58,107,72,1127,14.3,30,0
Total,TOR,ACT,Rhoden,14,2,226,42,87,0.483,12,39,0.308,22,25,0.88,14,28,42,16,20,0,10,9,2,118,8.4,25,0
Total,PHO,ACT,Richards,57,43,1256,205,347,0.591,0,2,0.0,119,160,0.744,148,318,466,49,141,1,14,81,55,529,9.3,24,1
Total,ATL,ACT,Risacher,74,72,1834,355,774,0.459,120,340,0.353,106,149,0.711,86,180,266,92,149,0,52,90,36,936,12.6,38,1
Total,MIA,ACT,Robinson,73,36,1766,288,657,0.438,188,477,0.394,47,53,0.887,18,147,165,174,134,0,40,86,6,811,11.1,24,0
Total,NO,ACT,Robinson-Earl,65,8,1206,154,331,0.465,55,157,0.35,45,53,0.849,103,196,299,83,76,0,38,49,7,408,6.3,19,0
Total,HOU,ACT,Roddy,32,3,406,55,123,0.447,19,61,0.311,20,24,0.833,13,70,83,35,20,0,14,22,9,149,4.7,17,0
Total,MIL,ACT,Rollins,56,19,820,132,271,0.487,49,120,0.408,36,45,0.8,21,87,108,104,88,0,42,53,17,349,6.2,23,0
Total,GS,ACT,Rowe,6,0,52,8,17,0.471,3,10,0.3,3,6,0.5,3,8,11,4,4,0,4,1,0,22,3.7,6,0
Total,MIA,ACT,Rozier,63,23,1624,247,626,0.395,91,304,0.299,92,108,0.852,41,191,232,166,73,0,37,77,14,677,10.7,23,0
Total,POR,ACT,Rupert,51,0,432,53,132,0.402,14,53,0.264,22,29,0.759,25,35,60,24,32,0,15,28,3,142,2.8,19,0
Total,BRK,ACT,Russell,58,36,1481,249,638,0.39,113,360,0.314,121,145,0.834,20,142,162,297,115,1,56,108,23,732,12.6,28,1
Total,SAC,ACT,Sabonis,69,69,2405,519,883,0.588,61,152,0.401,218,289,0.754,263,697,960,417,229,6,45,200,26,1317,19.1,32,1
Total,CHA,ACT,Salaun,59,9,1209,113,334,0.338,57,198,0.288,65,92,0.707,70,205,275,72,81,0,29,56,14,348,5.9,17,0
Total,GS,ACT,Santos,56,2,762,82,179,0.458,34,103,0.33,29,42,0.69,72,100,172,80,91,1,25,42,10,227,4.1,19,0
Total,DEN,ACT,Saric,16,4,210,21,58,0.362,7,26,0.269,7,10,0.7,14,36,50,23,19,0,7,15,1,56,3.5,10,0
Total,WAS,ACT,Sarr,66,66,1799,323,822,0.393,104,339,0.307,109,161,0.677,123,304,427,157,144,1,43,114,101,859,13.0,34,1
Total,DET,ACT,Sasser,56,0,768,130,277,0.469,57,146,0.39,40,48,0.833,18,50,68,123,71,0,35,51,4,357,6.4,27,0
Total,BOS,ACT,Scheierman,30,1,348,37,96,0.385,24,72,0.333,8,10,0.8,17,41,58,31,21,0,14,11,2,106,3.5,20,0
Total,DET,ACT,Schroder,75,49,2105,336,827,0.406,127,371,0.342,181,216,0.838,27,171,198,404,180,1,66,142,12,980,13.1,34,1
Total,HOU,ACT,Sengun,75,75,2372,560,1129,0.496,21,90,0.233,296,428,0.692,260,521,781,368,208,0,84,194,60,1437,19.2,38,1
Total,UTA,ACT,Sensabaugh,70,14,1395,268,582,0.46,151,360,0.419,63,71,0.887,40,163,203,107,109,0,44,104,7,750,10.7,34,0
Total,UTA,ACT,Sexton,63,61,1758,416,867,0.48,110,271,0.406,217,251,0.865,60,111,171,264,144,1,47,160,6,1159,18.4,30,1
Total,NY,ACT,Shamet,49,0,721,97,213,0.455,55,143,0.385,8,14,0.571,10,49,59,27,50,0,22,22,2,257,5.2,20,0
Total,MIN,ACT,Shannon,32,1,339,55,114,0.482,11,31,0.355,17,21,0.81,10,37,47,32,27,0,7,15,5,138,4.3,25,0
Total,BRK,ACT,Sharpe,50,2,908,165,317,0.521,11,45,0.244,56,74,0.757,149,181,330,91,113,2,41,63,42,397,7.9,25,0
Total,POR,ACT,Sharpe,72,52,2252,499,1104,0.452,147,472,0.311,190,242,0.785,68,256,324,198,120,1,62,150,16,1335,18.5,37,1
Total,TOR,ACT,Shead,74,10,1431,200,492,0.407,70,218,0.321,52,67,0.776,28,83,111,307,155,0,58,114,10,522,7.1,17,0
Total,IND,ACT,Sheppard,63,9,1229,120,287,0.418,68,199,0.342,24,27,0.889,44,133,177,85,125,1,38,22,14,332,5.3,20,0
Total,HOU,ACT,Sheppard,51,3,637,84,235,0.357,48,140,0.343,13,16,0.813,16,61,77,68,49,0,34,36,16,229,4.5,25,0
Total,IND,ACT,Siakam,78,78,2548,613,1182,0.519,126,324,0.389,226,308,0.734,133,407,540,263,189,3,70,109,42,1578,20.2,37,1
Total,POR,ACT,Simons,70,70,2292,479,1125,0.426,215,593,0.363,175,194,0.902,25,164,189,337,117,1,60,143,5,1348,19.3,36,1
Total,CHA,ACT,Simpson,35,14,810,103,295,0.349,33,128,0.258,41,50,0.82,38,66,104,107,54,0,32,54,6,280,8.0,18,0
Total,WAS,ACT,Smart,34,7,680,101,257,0.393,49,141,0.348,54,71,0.761,18,54,72,109,53,0,39,54,9,305,9.0,25,0
Total,MIA,ACT,Smith,14,1,268,31,61,0.508,16,30,0.533,9,12,0.75,12,24,36,23,30,1,21,17,6,87,6.2,13,0
Total,HOU,ACT,Smith,57,39,1716,248,566,0.438,98,277,0.354,104,126,0.825,105,294,399,60,123,1,25,61,41,698,12.2,30,1
Total,CHI,ACT,Smith,63,2,946,185,395,0.468,71,219,0.324,71,87,0.816,86,261,347,63,94,1,17,37,44,512,8.1,17,0
Total,CHA,ACT,Smith,60,27,1369,222,568,0.391,104,306,0.34,43,46,0.935,13,115,128,145,79,0,17,82,6,591,9.9,28,0
Total,MIL,ACT,Smith,22,0,92,18,41,0.439,9,24,0.375,2,4,0.5,4,17,21,4,9,0,2,6,3,47,2.1,12,0
Total,SA,ACT,Sochan,54,23,1364,251,469,0.535,28,91,0.308,87,125,0.696,127,225,352,128,131,0,45,84,27,617,11.4,23,0
Total,MEM,ACT,Spencer,24,0,215,26,63,0.413,14,40,0.35,17,17,1.0,10,18,28,27,20,0,6,6,1,83,3.5,16,0
Total,GS,ACT,Spencer,39,0,250,41,101,0.406,5,22,0.227,11,15,0.733,15,31,46,48,20,0,14,18,3,98,2.5,17,0
Total,UTA,ACT,Springer,42,1,359,35,89,0.393,12,47,0.255,27,38,0.711,17,39,56,33,42,0,24,15,4,109,2.6,11,0
Total,MEM,ACT,Stevens,16,0,120,15,38,0.395,6,19,0.316,7,9,0.778,3,29,32,5,12,0,5,7,3,43,2.7,13,0
Total,DET,ACT,Stewart,72,4,1434,176,315,0.559,17,53,0.321,66,87,0.759,130,269,399,123,183,3,28,68,101,435,6.0,16,0
Total,DEN,ACT,Strawther,64,4,1374,208,481,0.432,94,268,0.351,69,84,0.821,17,125,142,82,150,0,38,57,16,579,9.0,23,0
Total,CLE,ACT,Strus,50,37,1273,165,373,0.442,113,293,0.386,28,34,0.824,53,164,217,158,104,1,26,54,12,471,9.4,24,1
Total,ORL,ACT,Suggs,35,35,1002,197,481,0.41,76,242,0.314,97,110,0.882,23,118,141,129,98,3,51,102,33,567,16.2,32,1
Total,HOU,ACT,Tate,52,2,588,70,148,0.473,16,46,0.348,32,47,0.681,50,67,117,47,82,0,26,22,7,188,3.6,16,0
Total,BOS,ACT,Tatum,72,72,2624,662,1465,0.452,250,728,0.343,358,440,0.814,48,575,623,431,157,0,76,209,38,1932,26.8,46,1
Total,TOR,ACT,Temple,27,0,225,18,60,0.3,6,28,0.214,11,12,0.917,9,20,29,30,23,0,17,10,2,53,2.0,12,0
Total,CHI,ACT,Terry,72,5,970,117,259,0.452,37,101,0.366,49,69,0.71,38,83,121,96,113,0,43,52,15,320,4.4,17,0
Total,BRK,ACT,Thomas,25,23,781,199,454,0.438,68,195,0.349,133,151,0.881,15,68,83,94,44,0,15,62,2,599,24.0,43,1
Total,HOU,ACT,Thompson,68,41,2199,382,688,0.555,25,90,0.278,166,243,0.683,190,368,558,259,164,1,96,137,88,955,14.0,33,1
Total,DET,ACT,Thompson,59,48,1328,246,460,0.535,11,49,0.224,91,142,0.641,111,192,303,134,164,1,98,80,40,594,10.1,19,1
Total,DAL,ACT,Thompson,72,72,1965,361,877,0.412,216,553,0.391,67,74,0.905,44,202,246,145,81,0,50,88,30,1005,14.0,29,1
Total,CLE,ACT,Thompson,39,0,285,30,67,0.448,0,3,0.0,6,24,0.25,30,84,114,23,33,0,1,11,9,66,1.7,8,0
Total,WAS,ACT,Thor,20,0,249,25,59,0.424,6,21,0.286,15,22,0.682,20,28,48,6,17,0,8,9,9,71,3.6,12,0
Total,POR,ACT,Thybulle,14,4,283,37,77,0.481,18,43,0.419,5,8,0.625,10,37,47,26,12,0,31,12,8,97,6.9,15,0
Total,BOS,ACT,Tillman,33,2,231,13,53,0.245,5,32,0.156,3,4,0.75,10,33,43,7,18,0,11,14,5,34,1.0,8,0
Total,BRK,ACT,Timme,8,2,223,41,91,0.451,8,29,0.276,8,12,0.667,17,40,57,18,19,0,4,13,1,98,12.3,19,0
Total,CLE,ACT,Tomlin,4,0,17,5,11,0.455,0,2,0.0,2,3,0.667,3,6,9,0,3,0,0,1,0,12,3.0,5,0
Total,IND,ACT,Toppin,78,3,1533,314,593,0.53,109,298,0.366,89,114,0.781,55,260,315,128,107,0,44,66,28,826,10.6,34,0
Total,NY,ACT,Towns,72,72,2517,639,1215,0.526,142,338,0.42,339,409,0.829,212,708,920,222,249,5,71,192,50,1759,24.4,46,1
Total,CLE,ACT,Travers,11,0,60,3,11,0.273,0,4,0.0,2,2,1.0,5,7,12,6,5,0,1,5,1,8,0.7,4,0
Total,MIL,ACT,Trent,74,9,1893,283,657,0.431,180,433,0.416,78,92,0.848,20,148,168,87,124,0,72,42,4,824,11.1,29,0
Total,IND,ACT,Turner,71,71,2161,387,807,0.48,155,392,0.395,182,236,0.771,90,380,470,110,182,0,54,122,143,1111,15.6,34,1
Total,DEN,ACT,Tyson,50,2,395,45,119,0.378,23,74,0.311,19,26,0.731,25,53,78,19,42,0,10,14,6,132,2.6,18,0
Total,CLE,ACT,Tyson,46,2,407,52,124,0.419,16,46,0.348,16,20,0.8,34,55,89,40,47,0,10,21,2,136,3.0,16,0
Total,MIL,ACT,Umude,21,0,70,5,24,0.208,3,14,0.214,2,4,0.5,4,13,17,3,7,0,3,3,4,15,0.7,3,0
Total,SAC,ACT,Valanciunas,80,21,1503,335,616,0.544,8,37,0.216,143,163,0.877,187,430,617,160,179,2,37,118,46,821,10.3,23,0
Total,HOU,ACT,VanVleet,59,59,2084,282,746,0.378,156,453,0.344,109,134,0.813,32,189,221,330,138,1,93,84,25,829,14.1,38,1
Total,LAL,ACT,Vanderbilt,36,2,581,59,121,0.488,9,32,0.281,20,36,0.556,68,114,182,41,67,0,35,29,10,147,4.1,12,0
Total,SA,ACT,Vassell,64,53,1983,394,889,0.443,158,429,0.368,95,120,0.792,34,221,255,183,108,1,84,88,33,1041,16.3,37,1
Total,LAL,ACT,Vincent,72,11,1527,168,420,0.4,109,309,0.353,15,21,0.714,20,72,92,98,152,0,51,41,13,460,6.4,24,0
Total,CHI,ACT,Vucevic,72,71,2262,547,1028,0.532,129,320,0.403,118,147,0.803,172,555,727,256,162,0,60,117,51,1341,18.6,40,1
Total,WAS,ACT,Vukcevic,34,1,474,111,230,0.483,34,96,0.354,46,60,0.767,25,94,119,34,53,0,11,38,22,302,8.9,24,0
Total,CLE,ACT,Wade,59,30,1252,112,271,0.413,80,222,0.36,16,30,0.533,51,198,249,76,101,0,42,22,20,320,5.4,19,1
Total,ORL,ACT,Wagner,60,60,2023,537,1161,0.463,104,352,0.295,271,311,0.871,56,286,342,284,147,1,75,138,21,1449,24.2,37,1
Total,ORL,ACT,Wagner,30,1,564,140,249,0.562,27,75,0.36,79,110,0.718,40,108,148,42,55,0,24,49,12,386,12.9,32,0
Total,POR,ACT,Walker,59,1,726,114,220,0.518,28,72,0.389,47,69,0.681,59,150,209,36,87,0,33,34,6,303,5.1,22,0
Total,IND,ACT,Walker,74,4,1155,165,347,0.476,74,180,0.411,46,69,0.667,25,196,221,105,114,0,52,78,25,450,6.1,17,0
Total,PHI,ACT,Walker,19,6,440,78,189,0.413,37,112,0.33,23,29,0.793,5,52,57,48,27,0,10,25,5,216,11.4,29,0
Total,OKC,ACT,Wallace,68,43,1876,232,489,0.474,74,208,0.356,30,37,0.811,71,158,229,173,145,1,120,59,35,568,8.4,20,1
Total,ATL,ACT,Wallace,30,4,464,58,142,0.408,26,75,0.347,11,11,1.0,7,32,39,66,36,0,23,30,9,153,5.1,27,0
Total,BOS,ACT,Walsh,51,1,382,26,76,0.342,13,51,0.255,7,12,0.583,21,40,61,18,28,0,10,14,10,72,1.4,10,0
Total,TOR,ACT,Walter,52,18,1103,159,393,0.405,65,186,0.349,66,83,0.795,59,101,160,81,95,1,43,50,10,449,8.6,27,0
Total,MIA,ACT,Ware,63,35,1403,251,452,0.555,34,108,0.315,46,67,0.687,116,353,469,59,109,0,38,57,70,582,9.2,25,1
Total,DAL,ACT,Washington,57,56,1835,301,665,0.453,91,239,0.381,143,198,0.722,82,360,442,131,131,0,63,118,60,836,14.7,30,1
Total,PHO,ACT,Washington,15,0,105,13,40,0.325,4,20,0.2,3,4,0.75,4,8,12,15,4,0,3,3,0,33,2.2,11,0
Total,DET,ACT,Waters,51,9,743,86,233,0.369,58,170,0.341,8,11,0.727,20,84,104,51,61,0,26,20,10,238,4.7,21,0
Total,BRK,ACT,Watford,43,5,879,156,338,0.462,28,86,0.326,90,117,0.769,37,116,153,111,90,0,25,79,11,430,10.0,26,0
Total,DEN,ACT,Watson,67,18,1639,201,422,0.476,46,133,0.346,94,135,0.696,46,183,229,94,123,1,47,56,92,542,8.1,24,0
Total,MEM,ACT,Wells,79,74,2043,287,676,0.425,138,392,0.352,111,135,0.822,87,181,268,135,146,0,44,69,8,823,10.4,30,1
Total,SA,ACT,Wembanyama,46,46,1527,408,857,0.476,142,403,0.352,158,189,0.836,82,424,506,168,105,0,52,149,176,1116,24.3,50,1
Total,SA,ACT,Wesley,57,0,664,79,181,0.436,17,56,0.304,34,57,0.596,17,43,60,110,44,0,35,51,6,209,3.7,15,0
Total,DEN,ACT,Westbrook,74,36,2069,368,822,0.448,94,288,0.326,147,225,0.653,102,268,370,451,187,1,106,241,37,977,13.2,30,0
Total,CHI,ACT,White,73,72,2432,507,1115,0.455,216,582,0.371,277,307,0.902,25,244,269,326,153,0,69,174,15,1507,20.6,44,1
Total,BOS,ACT,White,76,76,2574,424,959,0.442,265,691,0.384,135,161,0.839,67,274,341,361,138,1,72,131,80,1248,16.4,41,1
Total,BRK,ACT,Whitehead,19,0,236,38,93,0.409,32,72,0.444,3,5,0.6,3,25,28,12,20,0,6,15,1,111,5.8,18,0
Total,HOU,ACT,Whitmore,50,3,809,176,397,0.443,63,181,0.348,52,70,0.743,35,114,149,48,43,0,30,44,13,467,9.3,34,0
Total,OKC,ACT,Wiggins,75,25,1707,347,710,0.489,128,333,0.384,64,79,0.81,79,209,288,127,97,1,58,68,18,886,11.8,41,0
Total,MIA,ACT,Wiggins,60,60,1842,376,839,0.448,130,348,0.374,196,257,0.763,89,180,269,158,101,0,60,99,50,1078,18.0,42,1
Total,DAL,ACT,Williams,32,2,480,98,186,0.527,24,60,0.4,55,64,0.859,11,43,54,76,32,0,24,38,4,275,8.6,31,0
Total,UTA,ACT,Williams,50,21,1060,83,257,0.323,35,135,0.259,29,40,0.725,27,86,113,59,95,0,23,44,16,230,4.6,13,0
Total,CHA,ACT,Williams,16,7,479,54,123,0.439,27,74,0.365,31,37,0.838,18,64,82,37,46,0,18,28,13,166,10.4,17,0
Total,OKC,ACT,Williams,69,69,2237,565,1168,0.484,124,340,0.365,236,299,0.789,59,310,369,354,158,0,111,150,46,1490,21.6,41,1
Total,OKC,ACT,Williams,46,8,782,97,220,0.441,61,153,0.399,23,30,0.767,48,212,260,120,79,0,22,35,29,278,6.0,19,0
Total,OKC,ACT,Williams,68,6,1095,163,336,0.485,66,164,0.402,27,35,0.771,63,166,229,95,109,0,40,36,10,419,6.2,18,0
Total,CHA,ACT,Williams,44,41,1171,270,447,0.604,0,4,0.0,131,163,0.804,132,315,447,109,105,0,32,71,54,671,15.3,38,1
Total,HOU,ACT,Williams,19,0,135,24,57,0.421,5,24,0.208,5,8,0.625,2,7,9,7,13,0,8,14,4,58,3.1,12,0
Total,CHI,ACT,Williams,62,36,1550,199,504,0.395,93,264,0.352,60,82,0.732,43,188,231,120,86,1,46,83,31,551,8.9,21,1
Total,POR,ACT,Williams,20,3,351,50,78,0.641,1,3,0.333,15,17,0.882,35,83,118,21,31,0,13,17,33,116,5.8,19,0
Total,MEM,ACT,Williams,26,4,474,63,159,0.396,24,92,0.261,17,22,0.773,17,70,87,50,44,0,12,33,6,167,6.4,15,0
Total,BRK,ACT,Williams,63,45,1541,214,520,0.412,103,302,0.341,101,123,0.821,61,226,287,84,149,1,62,67,28,632,10.0,23,1
Total,NO,ACT,Williamson,30,30,857,288,508,0.567,3,13,0.231,158,241,0.656,76,140,216,159,82,0,37,90,27,737,24.6,40,1
Total,BRK,ACT,Wilson,78,21,1993,240,609,0.394,117,354,0.331,134,162,0.827,75,191,266,141,162,1,40,79,5,731,9.4,20,0
Total,NY,ACT,Wright,39,7,614,43,125,0.344,20,70,0.286,14,24,0.583,25,39,64,74,23,0,34,22,12,120,3.1,12,0
Total,PHI,ACT,Yabusele,70,43,1895,282,563,0.501,104,274,0.38,100,138,0.725,134,261,395,148,164,1,58,87,24,768,11.0,28,1
Total,ATL,ACT,Young,76,76,2739,566,1376,0.411,218,642,0.34,491,561,0.875,36,200,236,880,145,0,91,355,12,1841,24.2,43,1
Total,ORL,ACT,da Silva,73,37,1592,194,470,0.413,76,233,0.326,55,63,0.873,71,167,238,107,93,0,33,55,18,519,7.1,25,1
